<?xml version="1.0" encoding="UTF-8"?>
<?xml-model href="travel.xsd" type="application/xml" schematypens="http://www.w3.org/2001/XMLSchema"?>
<destinations>
    <destination>
        <name>Eiffel Tower</name>
        <country>France</country>
        <city>Paris</city>
        <description>An iconic symbol of Paris and one of the most recognizable structures in the world.</description>
        <latitude>48.8584</latitude>
        <longitude>2.2945</longitude>
    </destination>
    <destination>
        <name>Great Wall of China</name>
        <country>China</country>
        <city>Beijing</city>
        <description>An ancient series of walls and fortifications, totaling more than 13,000 miles in length.</description>
        <latitude>40.4319</latitude>
        <longitude>116.5704</longitude>
    </destination>
    <destination>
        <name>Statue of Liberty</name>
        <country>USA</country>
        <city>New York</city>
        <description>A colossal neoclassical sculpture on Liberty Island in New York Harbor.</description>
        <latitude>40.6892</latitude>
        <longitude>-74.0445</longitude>
    </destination>
    <destination>
        <name>Colosseum</name>
        <country>Italy</country>
        <city>Rome</city>
        <description>An ancient amphitheater in the center of Rome, Italy.</description>
        <latitude>41.8902</latitude>
        <longitude>12.4922</longitude>
    </destination>
    <destination>
        <name>Sydney Opera House</name>
        <country>Australia</country>
        <city>Sydney</city>
        <description>A multi-venue performing arts centre at Sydney Harbour in Sydney, Australia.</description>
        <latitude>-33.8568</latitude>
        <longitude>151.2153</longitude>
    </destination>
    <destination>
        <name>Taj Mahal</name>
        <country>India</country>
        <city>Agra</city>
        <description>An ivory-white marble mausoleum on the southern bank of the river Yamuna in Agra, India.</description>
        <latitude>27.1751</latitude>
        <longitude>78.0421</longitude>
    </destination>
</destinations>
